Workbook
Name qtd_anos: 'Página1'!$D$20
Name Rendimento_Carteira: 'Página1'!$D$15
Name aporte: 'Página1'!$D$19
Name sugestao_investimento: 'Página1'!$D$16
Name taxa_mensal: 'Página1'!$D$21

Sheet Página1
B13: CONFIGURAÇÕES
B14: Sálario | D14: 4200
B15: Rendimento Carteira | D15: 0.006
B16: Sugestão de investimento | D16: =D14*30% -> 1260
B18: INVESTIMENTO MENSAL
B19: Quanto investir por mês? | D19: 200
B20: Por Quantos Anos? | D20: 5
B21: Taxa de Reandimento mensal? | D21: 0.01079
B22: Patrimoio acumulado? | D22: =FV(taxa_mensal,qtd_anos*12,aporte*-1) -> 16755.383
B23: Dividendos mensais? | D23: =D22*0.6% -> 100.5323
B25: Cenários | D25: Dividendo
B26: Quanto em 2 Anos? | C26: =FV(D21,2*12,D19*-1) -> 5445.5255 | D26: =C26*Rendimento_Carteira -> 32.673153
B27: Quanto em 2 Anos? | C27: =FV(D21,5*12,D19*-1) -> 16755.383 | D27: =C27*Rendimento_Carteira -> 100.5323
B28: Quanto em 10 Anos? | C28: =FV(D21,10*12,D19*-1) -> 48656.843 | D28: =C28*Rendimento_Carteira -> 291.94106
B29: Quanto em 20 Anos? | C29: =FV(D21,20*12,D19*-1) -> 225039.68 | D29: =C29*Rendimento_Carteira -> 1350.2381
B30: Quanto em 30 Anos? | C30: =FV(D21,30*12,D19*-1) -> 864433.93 | D30: =C30*Rendimento_Carteira -> 5186.6036
B35: Perfil | C35: Agressivo
B36: VALOR A SWE INVESTIDO POR MÊS | C36: 500
B38: TIPO DE FII | C38: PERCENTUAL SUGERIDO | D38: VALORES
B39: PAPEL | C39: =VLOOKUP($C35&"-"&B39,Pagina2!$A:$D,4,FALSE()) -> 0.5 | D39: =C39*C36 -> 250
B40: TIJOLO | C40: =VLOOKUP($C35&"-"&B40,Pagina2!$A:$D,4,FALSE()) -> 0.1 | D40: =C40*C36 -> 50
B41: HíBRIDOS | C41: =VLOOKUP($C35&"-"&B41,Pagina2!$A:$D,4,FALSE()) -> 0.05 | D41: =C41*C36 -> 25
B42: FOFs | C42: =VLOOKUP($C35&"-"&B42,Pagina2!$A:$D,4,FALSE()) -> 0.05 | D42: =C42*C36 -> 25
B43: DESENVOLVIMENTO | C43: =VLOOKUP($C35&"-"&B43,Pagina2!$A:$D,4,FALSE()) -> 0.2 | D43: =C43*C36 -> 100
B44: HOTELARIAS | C44: =VLOOKUP($C35&"-"&B44,Pagina2!$A:$D,4,FALSE()) -> 0.1 | D44: =C44*C36 -> 50
D45: =SUM(D39:D44) -> 500

Sheet Pagina2
A2: CHAVE | B2: PERFIL | C2: TIPO DE FII | D2: %
A3: =B3&"-"&C3 -> Conservador-PAPEL | B3: Conservador | C3: PAPEL | D3: 0.3
A4: =B4&"-"&C4 -> Conservador-TIJOLO | B4: Conservador | C4: TIJOLO | D4: 0.5
A5: =B5&"-"&C5 -> Conservador-HÍBRIDOS | B5: Conservador | C5: HÍBRIDOS | D5: 0.1
A6: =B6&"-"&C6 -> Conservador-FOFs | B6: Conservador | C6: FOFs | D6: 0.1 | F6: =B10&"-"&C10 -> Moderado-TIJOLO | G6: =VLOOKUP(F6,$A:$D,4,FALSE) -> 0.35
A7: =B7&"-"&C7 -> Conservador-DESENVOLVIMENTO | B7: Conservador | C7: DESENVOLVIMENTO | D7: 0
A8: =B8&"-"&C8 -> Conservador-HOTELARIAS | B8: Conservador | C8: HOTELARIAS | D8: 0
A9: =B9&"-"&C9 -> Moderado-PAPEL | B9: Moderado | C9: PAPEL | D9: 0.32
A10: =B10&"-"&C10 -> Moderado-TIJOLO | B10: Moderado | C10: TIJOLO | D10: 0.35
A11: =B11&"-"&C11 -> Moderado-HÍBRIDOS | B11: Moderado | C11: HÍBRIDOS | D11: 0.08
A12: =B12&"-"&C12 -> Moderado-FOFs | B12: Moderado | C12: FOFs | D12: 0.05
A13: =B13&"-"&C13 -> Moderado-DESENVOLVIMENTO | B13: Moderado | C13: DESENVOLVIMENTO | D13: 0.1
A14: =B14&"-"&C14 -> Moderado-HOTELARIAS | B14: Moderado | C14: HOTELARIAS | D14: 0.1
A15: =B15&"-"&C15 -> Agressivo-PAPEL | B15: Agressivo | C15: PAPEL | D15: 0.5
A16: =B16&"-"&C16 -> Agressivo-TIJOLO | B16: Agressivo | C16: TIJOLO | D16: 0.1
A17: =B17&"-"&C17 -> Agressivo-HÍBRIDOS | B17: Agressivo | C17: HÍBRIDOS | D17: 0.05
A18: =B18&"-"&C18 -> Agressivo-FOFs | B18: Agressivo | C18: FOFs | D18: 0.05
... A20: =B20&"-"&C20 -> Agressivo-HOTELARIAS | B20: Agressivo | C20: HOTELARIAS | D20: 0.1
